dataset,flags,frac_cells_z_gt10,frac_dup_label_conflict,frac_dup_rows_train,imbalance_ratio,max_abs_corr_feat_y,max_abs_z,max_excess_kurtosis,max_frac_outside_train_range,min_class_frac,n_abs_skew_gt5,n_all_sentinel_rows,n_binary,n_classes,n_const,n_continuous,n_dup_cols,n_feat,n_feat_z_gt10,n_feat_z_gt50,n_kurt_gt20,n_near_const,n_nonfinite,n_sentinel_cand,n_sentinel_cells,n_test,n_train,n_val,sentinel_examples,task,tier20,worst_feat,y_excess_kurtosis,y_log1p_skew,y_max,y_max_z,y_mean,y_median,y_min,y_skew,y_std,y_top_value_frac
clf_cat_albert,"extreme_outliers_z50,heavy_tails",0.0006661823046917398,0.0,0.0,1.0,0.19340696209734246,84.697382236539,3594.0646466938715,0.00021458306510450196,0.5,14,0,0,2,0,21,0,31,19,7,17,1,0,0,0,11651,34951,11650,,clf,False,4,,,,,,,,,,
clf_cat_compas-two-years,"outliers_z10,many_duplicate_rows,duplicate_label_conflicts",0.00014645040823051293,0.4545149378986237,0.4749916079221215,1.0,0.2837715688659153,25.18334776005084,5.770520530897709,0.0005032712632108706,0.5,0,0,8,2,0,2,0,11,1,0,0,0,0,0,0,994,2979,993,,clf,False,2,,,,,,,,,,
clf_cat_covertype,"constant_features,extreme_outliers_z50,duplicate_columns",0.00099734600537093,0.0,0.0,1.0,0.5153868568278652,98.87482373808483,6.002514359071071,1.1801359516616314e-05,0.5,0,0,44,2,5,10,4,54,21,3,0,20,0,0,0,84736,254208,84736,,clf,True,49,,,,,,,,,,
clf_cat_default-of-credit-card-clients,"extreme_outliers_z50,heavy_tails",0.0006888831481959872,0.0012558081125204068,0.0022604546025367656,1.0,0.3375041731784956,77.61277401505929,286.1399278855997,0.0007534375588623093,0.5,6,0,1,2,0,17,0,21,6,1,6,0,0,0,0,2655,7963,2654,,clf,False,16,,,,,,,,,,
clf_cat_electricity,"extreme_outliers_z50,heavy_tails",0.0002371731558974892,0.0,0.0,1.0,0.3700426811403647,80.34493640060145,5408.611790626586,0.0004548408057179987,0.5,2,0,0,2,0,7,0,8,2,1,2,0,0,0,0,7695,23084,7695,,clf,True,5,,,,,,,,,,
clf_cat_eye_movements,"outliers_z10,heavy_tails",0.0007429250674347369,0.0,0.0,1.0,0.10178279973417982,18.499013849717787,118.90403946835416,0.0016425755584756898,0.5,4,0,3,2,0,18,0,23,10,0,7,0,0,0,0,1522,4564,1522,,clf,True,17,,,,,,,,,,
clf_cat_road-safety,"outliers_z10,heavy_tails",0.0009439702224369643,0.0,1.4912686222223748e-05,1.0,0.36948835054657436,23.671379758900997,236.05332657452425,6.710658763001902e-05,0.5,9,0,3,2,0,24,0,32,12,0,10,1,0,0,0,22353,67057,22352,,clf,False,0,,,,,,,,,,
clf_num_Bioresponse,"extreme_outliers_z50,heavy_tails",0.0010237370781862687,0.0,0.0,1.0,0.27638007183064556,87.68465488326909,1649.1062789834075,0.005094614264919942,0.5,127,0,0,2,0,318,0,419,286,5,169,20,0,0,0,687,2060,687,,clf,True,262,,,,,,,,,,
clf_num_Diabetes130US,"extreme_outliers_z50,heavy_tails,many_duplicate_rows,duplicate_label_conflicts",0.0004501336334224223,0.12294274862849909,0.12263797064753601,1.0,0.19201349985617075,87.96626378635581,761.2162496462888,7.033338022225348e-05,0.5,2,0,0,2,0,7,0,7,3,1,2,0,0,0,0,14218,42654,14218,,clf,False,4,,,,,,,,,,
clf_num_Higgs,"extreme_outliers_z50,heavy_tails",0.0001445232726344452,0.0,0.0014873354889948232,1.0,0.15277409087182664,57.914759516128186,95.33250061773433,1.5954731109598365e-05,0.5,2,0,0,2,0,24,0,24,13,2,3,0,0,0,0,188032,564096,188032,,clf,False,17,,,,,,,,,,
clf_num_MagicTelescope,outliers_z10,7.476076555023924e-06,0.0,0.005482866043613699,1.0,0.46926316074852825,11.020841111209748,13.784457888252177,0.00037376191366099795,0.5,0,0,0,2,0,10,0,10,1,0,0,0,0,0,0,2676,8025,2675,,clf,False,1,,,,,,,,,,
clf_num_MiniBooNE,"extreme_outliers_z50,heavy_tails,all_sentinel_rows",0.0021693745034110524,0.00228320927896251,0.0022603771861728905,1.0,0.4772899055955206,209.27728719646294,43797.96586951161,0.00023972602739726027,0.5,45,173,0,2,0,50,0,50,48,1,48,0,0,0,8650,14600,43798,14600,,clf,True,19,,,,,,,,,,
clf_num_bank-marketing,"outliers_z10,heavy_tails",0.0004456689085163277,0.0,0.0,1.0,0.45284699652369187,25.10082502646891,102.02607146238473,0.0004725897920604915,0.5,3,0,0,2,0,7,0,7,4,0,3,0,0,0,0,2116,6346,2116,,clf,False,6,,,,,,,,,,
clf_num_california,"extreme_outliers_z50,heavy_tails",0.0004058834932635456,0.0,0.0,1.0,0.5176057824758727,99.76293462224908,8430.240132873261,0.000484613520717228,0.5,3,0,0,2,0,8,0,8,4,3,4,0,0,0,0,4127,12380,4127,,clf,False,5,,,,,,,,,,
clf_num_covertype,outliers_z10,8.824536447100434e-07,0.0,0.0,1.0,0.13792501424876435,11.310120586449909,5.214210483648664,4.412264329931478e-06,0.5,0,0,0,2,0,10,0,10,1,0,0,0,0,0,0,113321,339961,113320,,clf,True,7,,,,,,,,,,
clf_num_credit,"extreme_outliers_z50,heavy_tails",0.0019025966255833433,0.0,9.972078181097466e-05,1.0,0.2115063583746196,136.12976871960157,6680.451677445653,0.0002991325157044571,0.5,6,0,0,2,0,9,0,10,7,2,7,0,0,0,0,3343,10028,3343,,clf,False,3,,,,,,,,,,
clf_num_default-of-credit-card-clients,"extreme_outliers_z50,heavy_tails",0.0007233273056057866,0.0022604546025367326,0.003767424337561276,1.0,0.3375041731784956,77.61277401505929,286.1399278855997,0.0007534375588623093,0.5,6,0,0,2,0,17,0,20,6,1,6,0,0,0,0,2655,7963,2654,,clf,False,15,,,,,,,,,,
clf_num_electricity,"extreme_outliers_z50,heavy_tails",0.00027105503531141625,0.0,0.0,1.0,0.3700426811403647,80.34493640060145,5408.611790626586,0.0004548408057179987,0.5,2,0,0,2,0,7,0,7,2,1,2,0,0,0,0,7695,23084,7695,,clf,True,4,,,,,,,,,,
clf_num_eye_movements,"outliers_z10,heavy_tails",0.0008543638275499474,0.0,0.0,1.0,0.0903347991704858,18.499013849717787,118.90403946835416,0.0016425755584756898,0.5,4,0,0,2,0,18,0,20,10,0,7,0,0,0,0,1522,4564,1522,,clf,True,14,,,,,,,,,,
clf_num_heloc,"outliers_z10,heavy_tails,many_duplicate_rows,duplicate_label_conflicts",7.727272727272727e-05,0.05416666666666667,0.054166666666666696,1.0,0.2977315991814286,29.22948129276659,41.85063174443067,0.0005,0.5,0,0,0,2,0,21,0,22,4,0,1,0,0,0,0,2000,6000,2000,,clf,False,2,,,,,,,,,,
clf_num_house_16H,"extreme_outliers_z50,heavy_tails",0.00030119365361803085,0.0,0.0,1.0,0.3833924878024817,77.35577075016727,4654.40878362692,0.0007412898443291327,0.5,3,0,0,2,0,16,0,16,6,1,4,0,0,0,0,2698,8092,2698,,clf,False,0,,,,,,,,,,
clf_num_jannis,"outliers_z10,heavy_tails",0.000191360168782885,0.0,0.0,1.0,0.3433829724375271,43.87367819610979,246.40754730813356,0.00021708926710663424,0.5,6,0,0,2,0,54,0,54,14,0,9,0,0,0,0,11516,34548,11516,,clf,False,24,,,,,,,,,,
clf_num_pol,"outliers_z10,heavy_tails",0.0011978697755329376,0.0,0.0016531658125309434,1.0,0.4185789385813826,22.438609437148788,196.08525152156403,0.0007438631291842301,0.5,12,0,0,2,0,26,0,26,16,0,13,0,0,0,0,2017,6049,2016,,clf,False,18,,,,,,,,,,
reg_cat_Airlines_DepDelay_1M,,0.0,0.0,0.0011250000000000426,,0.17120190542149205,7.681829422363987,3.3034685178589083,2.5e-06,,0,0,0,,0,5,0,5,0,0,0,0,0,0,0,200000,600000,200000,,reg,False,4,-0.7876954515455825,nan,7.659171367666058,3.8078586957571736,0.4211071066763834,0.0,-7.088408778675395,0.5236382420465536,1.9721099140887497,0.189133
reg_cat_Allstate_Claims_Severity,extreme_outliers_z50,0.0007540865159789773,0.0,0.0,,0.4760247049069556,79.22261181139129,6.44148744119911,2.655055225148683e-05,,0,0,73,,0,25,0,124,37,5,0,31,0,0,0,37664,112990,37664,,reg,True,69,-0.1414701836800938,-0.21956651318525655,11.703655322715967,8.84139033758972,7.685907513651465,7.6575521328732545,0.5128236264286637,0.09661958950314398,0.8113072280867399,0.0005522573519259975
reg_cat_Bike_Sharing_Demand,,0.0,0.0,0.003452575045554851,,0.40526426448636443,6.008890210832921,0.5966135174100868,0.00014384349827387802,,0,0,3,,0,6,0,11,0,0,0,0,0,0,0,3476,10427,3476,,reg,False,4,1.4172032806553743,-0.8181803744437343,977.0,4.341860055499452,189.46308763450142,142.0,1.0,1.277411603749057,181.3823804311691,0.014960584613614132
reg_cat_Brazilian_houses,"extreme_outliers_z50,heavy_tails",7.652280379553107e-05,0.0,0.03117692907248637,,0.8692159924768643,79.17921854007312,6128.816066963376,0.0007014262333411269,,3,0,2,,0,5,0,11,5,3,3,0,0,0,0,2139,6415,2138,,reg,False,9,-0.05312226464185432,0.08736734386785641,13.928840136128022,7.122235970805688,8.24318887305469,8.183816149962805,6.214608098422191,0.2987579346601209,0.7982958282172943,0.003647586980920314
reg_cat_Mercedes_Benz_Greener_Manufacturing,"constant_features,extreme_outliers_z50,many_duplicate_rows,duplicate_columns,target_outliers",0.0012448454068778206,0.0,0.16871287128712875,,0.6263885655153222,50.239426748323936,-0.3718238210674514,0.0017814726840855108,,0,0,356,,11,1,57,359,122,18,0,126,0,0,0,842,2525,842,,reg,True,343,7.910712683715836,0.39516256353552126,265.32,12.987246069871448,100.66931812782133,99.15,72.11,1.206525852242495,12.6778749695168,0.001663102874792112
reg_cat_SGEMM_GPU_kernel_performance,,0.0,0.0,0.0008071192052979681,,0.8124195531787436,8.64821992851711,19.340756252720798,3.1043046357615894e-05,,0,0,6,,0,3,0,9,0,0,0,0,0,0,0,48320,144960,48320,,reg,True,7,-0.2615138721590413,0.5001434721755578,8.113914690938202,3.1081667892731293,4.638381181016607,4.260212043224644,2.659559991941776,0.7899322614687211,1.118194017745868,0.0003021523178807947
reg_cat_abalone,"outliers_z10,heavy_tails",2.9925784055542255e-05,0.0,0.0,,0.6259789734640445,22.83344592384491,107.51328040116697,0.0,,0,0,0,,0,7,0,8,1,0,1,0,0,0,0,836,2506,835,,reg,False,3,2.330687426853588,-0.061317389571184586,29.0,5.914267538535575,9.933684462532918,9.0,1.0,1.1141018983556772,3.223783065821211,0.1649509217141489
reg_cat_analcatdata_supreme,"outliers_z10,many_duplicate_rows,skewed_target",0.0001762797912847271,0.0,0.8066639243109831,,0.659721345083152,18.469420659107932,-1.098396675239123,0.0012338062924120913,,0,0,5,,0,1,0,7,1,0,0,0,0,0,0,811,2431,810,,reg,False,0,4.875645589374151,-2.9977751591813138,2.3,3.7014669187254774,2.0336994076999018,2.3,0.0,-2.346235317107254,0.5494306588049053,0.7013820335636722
reg_cat_delays_zurich_transport,"outliers_z10,heavy_tails,many_duplicate_rows",0.00010618528450595525,0.0,0.9936709922255816,,0.057467306685024415,14.025265444943807,63.53458991736717,0.0,,1,0,1,,0,8,0,11,1,0,1,0,0,0,0,1093115,3279345,1093115,,reg,True,6,-0.730144485921671,nan,8.880585523102495,4.413292193383717,2.094174406421077,3.4011973816621555,-11.710390117473676,-0.8682455101043153,3.1279516331572528,0.008707226595554904
reg_cat_diamonds,"outliers_z10,heavy_tails",2.0599019486672435e-05,0.0,0.0043257940922012406,,0.9576346567465036,46.22054285782372,140.09319738031732,9.269558769002595e-05,,0,0,0,,0,6,0,9,4,0,2,0,0,0,0,10788,32364,10788,,reg,False,7,-1.0967433125282877,-0.03546831553860757,9.842887930407198,2.0268812026461855,7.787423883227375,7.784057002639929,5.7899601708972535,0.11592647880234161,1.0141018844598888,0.002447163515016685
reg_cat_house_sales,"outliers_z10,heavy_tails",0.0006450366201169775,0.0,0.0,,0.701605540251024,41.32822816160464,229.0993806767329,0.0002313208420078649,,2,0,2,,0,15,0,17,6,0,2,1,0,0,0,4323,12967,4323,,reg,True,3,0.6918572207941494,0.29107999855599714,15.856731016694036,5.333331112922013,13.0478193715726,13.017005083966255,11.225256725762891,0.42807651495749066,0.5266711527277547,0.007958173321611993
reg_cat_medical_charges,"extreme_outliers_z50,heavy_tails",0.0005233087010292419,0.0,0.0,,0.9025122294741618,64.83429363136707,265.2551110011575,1.5331309600466072e-05,,1,0,0,,0,3,0,3,3,1,2,0,0,0,0,32613,97839,32613,,reg,False,0,0.631298412563472,0.7294972237128841,11.958631162135244,5.238251091144467,8.991832040710895,8.883931331125781,7.891330757661889,0.8776251793802549,0.566372071480093,5.519271456167786e-05
reg_cat_nyc-taxi-green-dec-2016,"extreme_outliers_z50,heavy_tails",0.00020935918258612837,0.0,0.005499841020220497,,0.5463554095885439,98.84334061647448,639.7309062031102,4.296750797047273e-06,,2,0,3,,0,8,0,16,5,2,2,1,0,0,0,116367,349101,116367,,reg,False,6,0.35591851550567544,nan,5.52823790214127,7.527606633462511,1.0336469048081918,1.085189268335969,-2.4475508632442313,-0.0008599611855083314,0.5970810134197565,0.15186436017083882
reg_cat_particulate-matter-ukair-2017,"outliers_z10,heavy_tails",4.269179818699346e-05,0.0,0.007980420916480324,,0.710593392393035,49.55954039983635,65.80057118549243,0.0,,0,0,0,,0,4,0,6,1,0,1,0,0,0,0,78860,236579,78860,,reg,False,5,2.1957988958167496,nan,6.4805045788020506,6.155041592603512,2.54972266161398,2.5572273113676265,-1.6420986946736489,-0.5351303962261013,0.6810386726427524,0.005290401446617922
reg_cat_seattlecrime6,many_duplicate_rows,0.0,0.0,0.9869306169517587,,0.35976700775724346,1.6584046529072192,-1.1244168907540177,0.0,,0,0,0,,0,3,0,4,0,0,0,0,0,0,0,10407,31218,10406,,reg,False,3,-0.9963623110971636,-2.5859145643061794,1403.0,1.7925429880368569,756.7708289289078,854.0,0.0,-0.42306797294857434,422.17722753622894,0.06171320943283812
reg_cat_topo_2_1,"constant_features,extreme_outliers_z50,heavy_tails,duplicate_columns,skewed_target,target_outliers",0.0004391627219261368,0.0,0.0015006565372350789,,0.1446333644409214,245.28129636443856,4541.08221878434,0.0025323579065841305,,64,0,3,,2,249,2,255,115,22,86,9,0,0,0,1777,5331,1777,,reg,False,249,103.32626055052583,-6.5806772808236,1.0,30.90392351150198,0.9194261705120991,0.912556,0.0,-2.226965614648008,0.029751114617207176,0.004501969611705121
reg_cat_visualizing_soil,,0.0,0.0,0.0,,0.7390865525750737,3.995724941604691,0.0895105556319633,0.0,,0,0,1,,0,3,0,4,0,0,0,0,0,0,0,1729,5184,1728,,reg,True,2,-1.3302897463506538,-0.47135664481481043,40.0,1.868160140511947,16.86332600393473,14.0,1.0,0.3290485661451685,12.38473806090571,0.0698993172086564
reg_num_Ailerons,"outliers_z10,duplicate_columns",1.9834710743801653e-05,0.0,0.0,,0.6989431048277236,16.621793416313,14.653300350372906,0.0003636363636363636,,0,0,0,,0,28,2,33,4,0,0,0,0,0,0,2750,8250,2750,,reg,False,26,2.591684536837896,nan,0.0,6.690075987853949,-0.0008718690909090909,-0.0008,-0.0036,-1.3550679740647507,0.00040778773126701694,0.13483636363636364
reg_num_Bike_Sharing_Demand,,0.0,0.0,0.014577539081231383,,0.40526426448636443,5.41237481857298,0.5966135174100868,0.00014384349827387802,,0,0,0,,0,6,0,6,0,0,0,0,0,0,0,3476,10427,3476,,reg,False,5,1.4172032806553743,-0.8181803744437343,977.0,4.341860055499452,189.46308763450142,142.0,1.0,1.277411603749057,181.3823804311691,0.014960584613614132
reg_num_Brazilian_houses,"extreme_outliers_z50,heavy_tails",0.00010521885521885521,0.0,0.0325798908807482,,0.8692159924768643,79.17921854007312,6128.816066963376,0.0007014262333411269,,3,0,0,,0,5,0,8,5,3,3,0,0,0,0,2139,6415,2138,,reg,False,6,-0.05312226464185432,0.08736734386785641,13.928840136128022,7.122235970805688,8.24318887305469,8.183816149962805,6.214608098422191,0.2987579346601209,0.7982958282172943,0.003647586980920314
reg_num_MiamiHousing2016,outliers_z10,5.5213233507807155e-06,0.0,0.0007177892092355975,,0.716254341672356,11.829593135205029,18.934510590805044,0.00035887313834559486,,0,0,0,,0,13,0,13,1,0,0,0,0,0,0,2787,8359,2786,,reg,False,4,1.1600018124498401,0.5792318368313899,14.790070575320824,3.661711754865623,12.710988862606829,12.644330802262578,11.184435286790633,0.7387433186939124,0.5677895617947931,0.014068331897789263
reg_num_abalone,"outliers_z10,heavy_tails",3.420089606347686e-05,0.0,0.0,,0.6259789734640445,22.83344592384491,107.51328040116697,0.0,,0,0,0,,0,7,0,7,1,0,1,0,0,0,0,836,2506,835,,reg,True,2,2.330687426853588,-0.061317389571184586,29.0,5.914267538535575,9.933684462532918,9.0,1.0,1.1141018983556772,3.223783065821211,0.1649509217141489
reg_num_cpu_act,"outliers_z10,heavy_tails,skewed_target",0.0005812872023809524,0.0,0.0,,0.690680564539189,47.660738168842286,431.30584655847144,0.00091547146780592,,8,0,0,,0,21,0,21,13,0,11,0,0,0,0,1639,4915,1638,,reg,False,13,12.725185865731937,-4.868457389191631,99.0,4.56333188609974,83.9688720703125,89.0,0.0,-3.41674960304371,18.400781307642372,0.0560302734375
reg_num_delays_zurich_transport,"outliers_z10,heavy_tails,many_duplicate_rows",0.00014600476619568847,0.0,0.9989278346743024,,0.057467306685024415,14.025265444943807,63.53458991736717,0.0,,1,0,0,,0,8,0,8,1,0,1,0,0,0,0,1093115,3279345,1093115,,reg,True,3,-0.730144485921671,nan,8.880585523102495,4.413292193383717,2.094174406421077,3.4011973816621555,-11.710390117473676,-0.8682455101043153,3.1279516331572528,0.008707226595554904
reg_num_diamonds,"outliers_z10,heavy_tails",3.0898529230008654e-05,0.0,0.03945742182672107,,0.9576346567465036,46.22054285782372,140.09319738031732,9.269558769002595e-05,,0,0,0,,0,6,0,6,4,0,2,0,0,0,0,10788,32364,10788,,reg,False,4,-1.0967433125282877,-0.03546831553860757,9.842887930407198,2.0268812026461855,7.787423883227375,7.784057002639929,5.7899601708972535,0.11592647880234161,1.0141018844598888,0.002447163515016685
reg_num_elevators,"outliers_z10,skewed_target",3.7652870654858727e-06,0.0,0.0,,0.6252533952008785,10.062289260330742,15.811078642235,0.00030120481927710846,,0,0,0,,0,16,0,16,1,0,0,0,0,0,0,3320,9959,3320,,reg,False,14,7.617950490632229,2.388720816237492,0.078,8.393047771958715,0.021624977408277613,0.02,0.012,2.424712591907205,0.006716871406364694,0.15097295017772155
reg_num_house_16H,"extreme_outliers_z50,heavy_tails,skewed_target,target_outliers",0.0003044899929775281,0.0,0.0,,0.30109996527996497,90.21769702768383,5215.593210894397,0.00010972130787798991,,4,0,0,,0,16,0,16,6,1,6,0,0,0,0,4557,13670,4557,,reg,True,0,45.56489509634237,-14.403468611243811,13.122367377396328,11.98039927746794,10.492201710853786,10.410335274932896,0.0,-3.4320402503389906,0.8757806370098973,0.1365431882022472
reg_num_house_sales,"outliers_z10,heavy_tails",0.00022825768441832848,0.0,0.0,,0.701605540251024,41.32822816160464,229.0993806767329,0.0002313208420078649,,2,0,0,,0,15,0,15,5,0,2,0,0,0,0,4323,12967,4323,,reg,False,3,0.6918572207941494,0.29107999855599714,15.856731016694036,5.333331112922013,13.0478193715726,13.017005083966255,11.225256725762891,0.42807651495749066,0.5266711527277547,0.007958173321611993
reg_num_houses,"outliers_z10,heavy_tails",0.00027252906976744186,0.0,0.0,,0.6606213117609328,30.46239728408978,84.60925625000336,0.00048449612403100775,,1,0,0,,0,8,0,8,4,0,2,0,0,0,0,4128,12384,4128,,reg,False,4,-0.4262549165843592,-0.2767398064420907,13.122367377396328,4.338450876700099,12.084890845009992,12.09904963758644,9.615805480084347,-0.17316578142030917,0.5691168195970618,0.04675387596899225
reg_num_medical_charges,"extreme_outliers_z50,heavy_tails",0.0005233087010292419,0.0,0.0,,0.9025122294741618,64.83429363136707,265.2551110011575,1.5331309600466072e-05,,1,0,0,,0,3,0,3,3,1,2,0,0,0,0,32613,97839,32613,,reg,True,0,0.631298412563472,0.7294972237128841,11.958631162135244,5.238251091144467,8.991832040710895,8.883931331125781,7.891330757661889,0.8776251793802549,0.566372071480093,5.519271456167786e-05
reg_num_nyc-taxi-green-dec-2016,"extreme_outliers_z50,heavy_tails",0.0002194207407025474,0.0,0.0063534621785672485,,0.5463554095885439,98.84334061647448,639.7309062031102,4.296750797047273e-06,,2,0,0,,0,8,0,9,2,2,2,0,0,0,0,116367,349101,116367,,reg,True,1,0.35591851550567544,nan,5.52823790214127,7.527606633462511,1.0336469048081918,1.085189268335969,-2.4475508632442313,-0.0008599611855083314,0.5970810134197565,0.15186436017083882
reg_num_pol,"outliers_z10,heavy_tails",0.0009282051282051282,0.0,0.0011111111111110628,,0.39737692290843846,20.837774683971105,149.6426003272324,0.0011666666666666668,,11,0,0,,0,26,0,26,14,0,12,0,0,0,0,3000,9000,3000,,reg,False,23,-0.9923344746178633,0.5949590856459382,100.0,1.7029513508914003,28.945333333333334,0.0,0.0,0.9176513652145993,41.724425439090496,0.6228
reg_num_sulfur,"outliers_z10,heavy_tails,skewed_target,target_outliers",0.00011572925966339318,0.0,0.0,,0.5895895642957639,14.470774922330218,29.031952975825227,0.0009918175055789735,,0,0,0,,0,6,0,6,1,0,1,0,0,0,0,2017,6048,2016,,reg,False,5,74.4478641681488,5.1397456677794,1.0,17.349954115133592,0.08070756194821942,0.073443,0.0,6.725174277804435,0.05298529505907585,0.0025791092153556196
reg_num_superconduct,"heavy_tails,many_duplicate_rows",0.0,0.0,0.23516500744689195,,0.7212203021329996,9.371453786291228,25.914817372736312,0.0005878203620973431,,0,0,0,,0,79,0,79,0,0,1,0,0,0,0,4253,12757,4253,,reg,True,52,-0.5320600122534254,-0.3173279075241498,185.0,4.396004219282469,34.42121913535249,20.0,0.00021,0.8602232926106781,34.25355694704622,0.006725297465080186
reg_num_wine_quality,"outliers_z10,heavy_tails,many_duplicate_rows",0.0002658569689507045,0.0,0.11621344279117496,,0.4446007646687686,17.044070749560092,54.129048496402106,0.0015390534821085034,,1,0,0,,0,11,0,11,5,0,1,0,0,0,0,1300,3898,1299,,reg,False,4,0.23232226934326317,-0.2755392689016504,9.0,3.643685039638648,5.818377712790519,6.0,3.0,0.18962269337269677,0.8731880644450568,0.43650915807295676
reg_num_yprop_4_1,"outliers_z10,heavy_tails,skewed_target,target_outliers",0.0003081705388964815,0.0,0.006190208216094506,,0.15505083871603464,37.692125867482154,1137.826836596844,0.0008441193021947102,,8,0,0,,0,37,0,42,26,0,14,0,0,0,0,1777,5331,1777,,reg,False,2,103.32626055052583,-6.5806772808236,1.0,30.90392351150198,0.9194261705120991,0.912556,0.0,-2.226965614648008,0.029751114617207176,0.004501969611705121
